order_id,db_settlement,api_settlement,api_revenue,diff,status
581356409210242341,0.00,0.00,0.00,0.00,DB_ONLY
581357374207984868,0.00,0.00,0.00,0.00,DB_ONLY
581025394552505659,0.00,0.00,0.00,0.00,DB_ONLY
581061033763374501,0.00,0.00,0.00,0.00,DB_ONLY
581239071931074355,0.00,0.00,0.00,0.00,DB_ONLY
581245925492557028,0.00,0.00,0.00,0.00,DB_ONLY
581427142927353151,0.00,0.00,0.00,0.00,DB_ONLY
581291257092670486,0.00,0.00,0.00,0.00,DB_ONLY
581299288351212784,0.00,0.00,0.00,0.00,DB_ONLY
581360479455118429,0.00,0.00,0.00,0.00,DB_ONLY
581020058222167703,0.00,0.00,0.00,0.00,DB_ONLY
581027493713249398,0.00,0.00,0.00,0.00,DB_ONLY
581165200613082121,0.00,0.00,0.00,0.00,DB_ONLY
581223021413958727,0.00,0.00,0.00,0.00,DB_ONLY
581227180631098438,0.00,0.00,0.00,0.00,DB_ONLY
581288512977798156,0.00,0.00,0.00,0.00,DB_ONLY
581354800701736539,0.00,0.00,0.00,0.00,DB_ONLY
581389763404989817,0.00,0.00,0.00,0.00,DB_ONLY
581013405586327402,0.00,0.00,0.00,0.00,DB_ONLY
581058754871265272,0.00,0.00,0.00,0.00,DB_ONLY
581134110811719438,0.00,0.00,0.00,0.00,DB_ONLY
581226476209670125,0.00,0.00,0.00,0.00,DB_ONLY
581357838102529335,0.00,0.00,0.00,0.00,DB_ONLY
581379374604060267,0.00,0.00,0.00,0.00,DB_ONLY
581397162847929680,0.00,0.00,0.00,0.00,DB_ONLY
581017711368177097,0.00,0.00,0.00,0.00,DB_ONLY
581043886805255297,0.00,0.00,0.00,0.00,DB_ONLY
581426179654256004,0.00,0.00,0.00,0.00,DB_ONLY
581140168997373391,0.00,0.00,0.00,0.00,DB_ONLY
581142172560098428,0.00,0.00,0.00,0.00,DB_ONLY
581246058542892431,0.00,0.00,0.00,0.00,DB_ONLY
581256222814668345,0.00,0.00,0.00,0.00,DB_ONLY
581263702854633010,0.00,0.00,0.00,0.00,DB_ONLY
581032362334586194,0.00,0.00,0.00,0.00,DB_ONLY
581105502240277663,0.00,0.00,0.00,0.00,DB_ONLY
581223974352226176,0.00,0.00,0.00,0.00,DB_ONLY
581267633116055108,0.00,0.00,0.00,0.00,DB_ONLY
581313420552800019,0.00,0.00,0.00,0.00,DB_ONLY
581350356711736726,0.00,0.00,0.00,0.00,DB_ONLY
581406220324275529,0.00,0.00,0.00,0.00,DB_ONLY
581009539084682825,0.00,0.00,0.00,0.00,DB_ONLY
581034614836724765,0.00,0.00,0.00,0.00,DB_ONLY
581084472284579560,0.00,0.00,0.00,0.00,DB_ONLY
581221737933014505,0.00,0.00,0.00,0.00,DB_ONLY
581373689868486225,0.00,0.00,0.00,0.00,DB_ONLY
581046165409793712,0.00,0.00,0.00,0.00,DB_ONLY
581100146723816737,0.00,0.00,0.00,0.00,DB_ONLY
581267952655762578,0.00,0.00,0.00,0.00,DB_ONLY
581286742588163102,0.00,0.00,0.00,0.00,DB_ONLY
581393977493718205,0.00,0.00,0.00,0.00,DB_ONLY
581061416372438136,0.00,0.00,0.00,0.00,DB_ONLY
581425809700128352,0.00,0.00,0.00,0.00,DB_ONLY
581165415663896171,0.00,0.00,0.00,0.00,DB_ONLY
581183868128822596,0.00,0.00,0.00,0.00,DB_ONLY
581233867544692674,0.00,0.00,0.00,0.00,DB_ONLY
581300824284365917,0.00,0.00,0.00,0.00,DB_ONLY
581302533229610137,0.00,0.00,0.00,0.00,DB_ONLY
581042476778948072,0.00,0.00,0.00,0.00,DB_ONLY
581052667794523436,0.00,0.00,0.00,0.00,DB_ONLY
581143853220464072,0.00,0.00,0.00,0.00,DB_ONLY
581196267871372366,0.00,0.00,0.00,0.00,DB_ONLY
581246393060329453,0.00,0.00,0.00,0.00,DB_ONLY
581350722185496437,0.00,0.00,0.00,0.00,DB_ONLY
581416086836381020,0.00,0.00,0.00,0.00,DB_ONLY
581111268475111326,0.00,0.00,0.00,0.00,DB_ONLY
581132198452889205,0.00,0.00,0.00,0.00,DB_ONLY
581182120394851645,0.00,0.00,0.00,0.00,DB_ONLY
581327549606692352,0.00,0.00,0.00,0.00,DB_ONLY
581342350941128196,0.00,0.00,0.00,0.00,DB_ONLY
581004554454468305,0.00,0.00,0.00,0.00,DB_ONLY
581259693046990622,0.00,0.00,0.00,0.00,DB_ONLY
581266824437794292,0.00,0.00,0.00,0.00,DB_ONLY
581339716370859524,0.00,0.00,0.00,0.00,DB_ONLY
581377281668252716,0.00,0.00,0.00,0.00,DB_ONLY
581384657798596034,0.00,0.00,0.00,0.00,DB_ONLY
581124121201247836,0.00,0.00,0.00,0.00,DB_ONLY
581156783513372616,0.00,0.00,0.00,0.00,DB_ONLY
581178969776817551,0.00,0.00,0.00,0.00,DB_ONLY
581262299627751343,0.00,0.00,0.00,0.00,DB_ONLY
581124079174518724,0.00,0.00,0.00,0.00,DB_ONLY
581232214819505737,0.00,0.00,0.00,0.00,DB_ONLY
581427041308214886,0.00,0.00,0.00,0.00,DB_ONLY
581297469897213786,0.00,0.00,0.00,0.00,DB_ONLY
581396800750913222,0.00,0.00,0.00,0.00,DB_ONLY
581413328816670366,0.00,0.00,0.00,0.00,DB_ONLY
581051129561318759,0.00,0.00,0.00,0.00,DB_ONLY
581111534354662576,0.00,0.00,0.00,0.00,DB_ONLY
581375472103425493,0.00,0.00,0.00,0.00,DB_ONLY
581401915646445041,0.00,0.00,0.00,0.00,DB_ONLY
581139652876272833,0.00,0.00,0.00,0.00,DB_ONLY
581274994866947492,0.00,0.00,0.00,0.00,DB_ONLY
581366045038052860,0.00,0.00,0.00,0.00,DB_ONLY
581385109298906814,0.00,0.00,0.00,0.00,DB_ONLY
581087224063362139,0.00,0.00,0.00,0.00,DB_ONLY
581142313646261390,0.00,0.00,0.00,0.00,DB_ONLY
581277398971417619,0.00,0.00,0.00,0.00,DB_ONLY
581306999680500951,0.00,0.00,0.00,0.00,DB_ONLY
581373458727142873,0.00,0.00,0.00,0.00,DB_ONLY
581421499262273430,0.00,0.00,0.00,0.00,DB_ONLY
581038664004174994,0.00,0.00,0.00,0.00,DB_ONLY
581085015303817043,0.00,0.00,0.00,0.00,DB_ONLY
581125853761209462,0.00,0.00,0.00,0.00,DB_ONLY
581217336766596413,0.00,0.00,0.00,0.00,DB_ONLY
581236637572433572,0.00,0.00,0.00,0.00,DB_ONLY
581317673571288148,0.00,0.00,0.00,0.00,DB_ONLY
581329633039910116,0.00,0.00,0.00,0.00,DB_ONLY
581368208300082437,0.00,0.00,0.00,0.00,DB_ONLY
581140870397462332,0.00,0.00,0.00,0.00,DB_ONLY
581160440243520859,0.00,0.00,0.00,0.00,DB_ONLY
581178256284616299,0.00,0.00,0.00,0.00,DB_ONLY
581181495536223801,0.00,0.00,0.00,0.00,DB_ONLY
581192683938154414,0.00,0.00,0.00,0.00,DB_ONLY
581229650106943125,0.00,0.00,0.00,0.00,DB_ONLY
581263449750078673,0.00,0.00,0.00,0.00,DB_ONLY
581286522979648768,0.00,0.00,0.00,0.00,DB_ONLY
581102048075613277,0.00,0.00,0.00,0.00,DB_ONLY
581141341189998455,0.00,0.00,0.00,0.00,DB_ONLY
581147595917526095,0.00,0.00,0.00,0.00,DB_ONLY
581228027845642124,0.00,0.00,0.00,0.00,DB_ONLY
581299793987601427,0.00,0.00,0.00,0.00,DB_ONLY
581336026924484575,0.00,0.00,0.00,0.00,DB_ONLY
581406304450021148,0.00,0.00,0.00,0.00,DB_ONLY
581021611539334983,0.00,0.00,0.00,0.00,DB_ONLY
581125525940832020,0.00,0.00,0.00,0.00,DB_ONLY
581227525613126835,0.00,0.00,0.00,0.00,DB_ONLY
581243296092423792,0.00,0.00,0.00,0.00,DB_ONLY
581375297474561321,0.00,0.00,0.00,0.00,DB_ONLY
581119148242732255,0.00,0.00,0.00,0.00,DB_ONLY
581138135223404514,0.00,0.00,0.00,0.00,DB_ONLY
581171170691155024,0.00,0.00,0.00,0.00,DB_ONLY
581192873207956746,0.00,0.00,0.00,0.00,DB_ONLY
581247322216039575,0.00,0.00,0.00,0.00,DB_ONLY
581415969832535391,0.00,0.00,0.00,0.00,DB_ONLY
581373792343262667,0.00,0.00,0.00,0.00,DB_ONLY
581417255065716703,0.00,0.00,0.00,0.00,DB_ONLY
581014247494747645,0.00,0.00,0.00,0.00,DB_ONLY
581020933425694304,0.00,0.00,0.00,0.00,DB_ONLY
581134120711259512,0.00,0.00,0.00,0.00,DB_ONLY
581176823502636805,0.00,0.00,0.00,0.00,DB_ONLY
581315293075769100,0.00,0.00,0.00,0.00,DB_ONLY
581319724580767004,0.00,0.00,0.00,0.00,DB_ONLY
581422778778289995,0.00,0.00,0.00,0.00,DB_ONLY
581010394924418677,0.00,0.00,0.00,0.00,DB_ONLY
581019074745305009,0.00,0.00,0.00,0.00,DB_ONLY
581022714865812980,0.00,0.00,0.00,0.00,DB_ONLY
581116171443865195,0.00,0.00,0.00,0.00,DB_ONLY
581146447377171833,0.00,0.00,0.00,0.00,DB_ONLY
581153026442364404,0.00,0.00,0.00,0.00,DB_ONLY
581172661650229118,0.00,0.00,0.00,0.00,DB_ONLY
581247761059775774,0.00,0.00,0.00,0.00,DB_ONLY
581147593051505672,0.00,0.00,0.00,0.00,DB_ONLY
581261180552841016,0.00,0.00,0.00,0.00,DB_ONLY
581289410073494640,0.00,0.00,0.00,0.00,DB_ONLY
581318750464148666,0.00,0.00,0.00,0.00,DB_ONLY
581368142773912918,0.00,0.00,0.00,0.00,DB_ONLY
581371909054695423,0.00,0.00,0.00,0.00,DB_ONLY
581067068205532253,0.00,0.00,0.00,0.00,DB_ONLY
581081356945229030,0.00,0.00,0.00,0.00,DB_ONLY
581095946415474375,0.00,0.00,0.00,0.00,DB_ONLY
581115265602586220,0.00,0.00,0.00,0.00,DB_ONLY
581169081234916399,0.00,0.00,0.00,0.00,DB_ONLY
581198125332333644,0.00,0.00,0.00,0.00,DB_ONLY
581228410361185968,0.00,0.00,0.00,0.00,DB_ONLY
581278466638251370,0.00,0.00,0.00,0.00,DB_ONLY
581183487058806744,0.00,0.00,0.00,0.00,DB_ONLY
581208767335335662,0.00,0.00,0.00,0.00,DB_ONLY
581237203490539023,0.00,0.00,0.00,0.00,DB_ONLY
581237317452335023,0.00,0.00,0.00,0.00,DB_ONLY
581259692559860964,0.00,0.00,0.00,0.00,DB_ONLY
581280059343275847,0.00,0.00,0.00,0.00,DB_ONLY
581302851284272664,0.00,0.00,0.00,0.00,DB_ONLY
581401523490620434,0.00,0.00,0.00,0.00,DB_ONLY
581018537451882395,0.00,0.00,0.00,0.00,DB_ONLY
581019609835930669,0.00,0.00,0.00,0.00,DB_ONLY
581193416807253115,0.00,0.00,0.00,0.00,DB_ONLY
581237639393674270,0.00,0.00,0.00,0.00,DB_ONLY
581312592733898471,0.00,0.00,0.00,0.00,DB_ONLY
581004688558098030,0.00,0.00,0.00,0.00,DB_ONLY
581009604997383498,0.00,0.00,0.00,0.00,DB_ONLY
581062661368939775,0.00,0.00,0.00,0.00,DB_ONLY
581086601065366947,0.00,0.00,0.00,0.00,DB_ONLY
581127334440240311,0.00,0.00,0.00,0.00,DB_ONLY
581130536120584031,0.00,0.00,0.00,0.00,DB_ONLY
581347508334396767,0.00,0.00,0.00,0.00,DB_ONLY
581416137930737039,0.00,0.00,0.00,0.00,DB_ONLY
581009478877874003,0.00,0.00,0.00,0.00,DB_ONLY
581012291909879736,0.00,0.00,0.00,0.00,DB_ONLY
581096734745724327,0.00,0.00,0.00,0.00,DB_ONLY
581131896501601446,0.00,0.00,0.00,0.00,DB_ONLY
581150068364707679,0.00,0.00,0.00,0.00,DB_ONLY
581177673176810730,0.00,0.00,0.00,0.00,DB_ONLY
581223323262551846,0.00,0.00,0.00,0.00,DB_ONLY
581028161483081500,0.00,0.00,0.00,0.00,DB_ONLY
581178530661107494,0.00,0.00,0.00,0.00,DB_ONLY
581275655396689549,0.00,0.00,0.00,0.00,DB_ONLY
581284457086354582,0.00,0.00,0.00,0.00,DB_ONLY
581420705688946084,0.00,0.00,0.00,0.00,DB_ONLY
581431483397539622,0.00,0.00,0.00,0.00,DB_ONLY
581131580501100433,0.00,0.00,0.00,0.00,DB_ONLY
581203318079849949,0.00,0.00,0.00,0.00,DB_ONLY
581217776741745887,0.00,0.00,0.00,0.00,DB_ONLY
581240122819905391,0.00,0.00,0.00,0.00,DB_ONLY
581250211551675801,0.00,0.00,0.00,0.00,DB_ONLY
581262234819528540,0.00,0.00,0.00,0.00,DB_ONLY
581262997054391822,0.00,0.00,0.00,0.00,DB_ONLY
581421629631006451,0.00,0.00,0.00,0.00,DB_ONLY
581071681232078759,0.00,0.00,0.00,0.00,DB_ONLY
581101405797188670,0.00,0.00,0.00,0.00,DB_ONLY
581273627285227302,0.00,0.00,0.00,0.00,DB_ONLY
581002699225138663,0.00,0.00,0.00,0.00,DB_ONLY
581000783232010135,0.00,0.00,0.00,0.00,DB_ONLY
581285231134672349,0.00,0.00,0.00,0.00,DB_ONLY
581386527982192235,0.00,0.00,0.00,0.00,DB_ONLY
581406268657534616,0.00,0.00,0.00,0.00,DB_ONLY
581171094301935572,0.00,0.00,0.00,0.00,DB_ONLY
581224284571206888,0.00,0.00,0.00,0.00,DB_ONLY
581230049446495409,0.00,0.00,0.00,0.00,DB_ONLY
581302247815480939,0.00,0.00,0.00,0.00,DB_ONLY
581350468136240426,0.00,0.00,0.00,0.00,DB_ONLY
581377613841008604,0.00,0.00,0.00,0.00,DB_ONLY
581179163836908777,0.00,0.00,0.00,0.00,DB_ONLY
581215448725423835,0.00,0.00,0.00,0.00,DB_ONLY
581278850645591848,0.00,0.00,0.00,0.00,DB_ONLY
581314426240861650,0.00,0.00,0.00,0.00,DB_ONLY
581381677251790161,0.00,0.00,0.00,0.00,DB_ONLY
581407146628121964,0.00,0.00,0.00,0.00,DB_ONLY
580999039704336092,0.00,0.00,0.00,0.00,DB_ONLY
581296597869889229,0.00,0.00,0.00,0.00,DB_ONLY
581316959365531121,0.00,0.00,0.00,0.00,DB_ONLY
581387474030658925,0.00,0.00,0.00,0.00,DB_ONLY
581022082018215725,0.00,0.00,0.00,0.00,DB_ONLY
581238204417410786,0.00,0.00,0.00,0.00,DB_ONLY
581249056819217671,0.00,0.00,0.00,0.00,DB_ONLY
581299633854449103,0.00,0.00,0.00,0.00,DB_ONLY
581328590944961692,0.00,0.00,0.00,0.00,DB_ONLY
581328768714048737,0.00,0.00,0.00,0.00,DB_ONLY
581071941388764854,0.00,0.00,0.00,0.00,DB_ONLY
581087073213253166,0.00,0.00,0.00,0.00,DB_ONLY
581139240135526316,0.00,0.00,0.00,0.00,DB_ONLY
581160529375037092,0.00,0.00,0.00,0.00,DB_ONLY
581164042758948628,0.00,0.00,0.00,0.00,DB_ONLY
581175543076848646,0.00,0.00,0.00,0.00,DB_ONLY
581228989900359103,0.00,0.00,0.00,0.00,DB_ONLY
581236736895452244,0.00,0.00,0.00,0.00,DB_ONLY
581042465685734655,0.00,0.00,0.00,0.00,DB_ONLY
581067056942909040,0.00,0.00,0.00,0.00,DB_ONLY
581423197434709683,0.00,0.00,0.00,0.00,DB_ONLY
581273331787597030,0.00,0.00,0.00,0.00,DB_ONLY
581286214261310820,0.00,0.00,0.00,0.00,DB_ONLY
581297119264343788,0.00,0.00,0.00,0.00,DB_ONLY
581371878945096822,0.00,0.00,0.00,0.00,DB_ONLY
581055504117367923,0.00,0.00,0.00,0.00,DB_ONLY
581395269882381367,0.00,0.00,0.00,0.00,DB_ONLY
581082534756779408,0.00,0.00,0.00,0.00,DB_ONLY
581159657571976790,0.00,0.00,0.00,0.00,DB_ONLY
581215217615209862,0.00,0.00,0.00,0.00,DB_ONLY
581288060351645499,0.00,0.00,0.00,0.00,DB_ONLY
581323837408445798,0.00,0.00,0.00,0.00,DB_ONLY
581395165689316431,0.00,0.00,0.00,0.00,DB_ONLY
581418261731443949,0.00,0.00,0.00,0.00,DB_ONLY
581052321217021073,0.00,0.00,0.00,0.00,DB_ONLY
581298411687085606,0.00,0.00,0.00,0.00,DB_ONLY
581338236283028980,0.00,0.00,0.00,0.00,DB_ONLY
581387512495310482,0.00,0.00,0.00,0.00,DB_ONLY
581022560628737325,0.00,0.00,0.00,0.00,DB_ONLY
581051416176330222,0.00,0.00,0.00,0.00,DB_ONLY
581083308215076584,0.00,0.00,0.00,0.00,DB_ONLY
581162085229757785,0.00,0.00,0.00,0.00,DB_ONLY
581167314858641405,0.00,0.00,0.00,0.00,DB_ONLY
581309034836166374,0.00,0.00,0.00,0.00,DB_ONLY
581023968382452798,0.00,0.00,0.00,0.00,DB_ONLY
581042476500288635,0.00,0.00,0.00,0.00,DB_ONLY
581108554394535615,0.00,0.00,0.00,0.00,DB_ONLY
581110667182769532,0.00,0.00,0.00,0.00,DB_ONLY
581186052538598551,0.00,0.00,0.00,0.00,DB_ONLY
581288449406174421,0.00,0.00,0.00,0.00,DB_ONLY
581330628144432384,0.00,0.00,0.00,0.00,DB_ONLY
581347226574096196,0.00,0.00,0.00,0.00,DB_ONLY
581024139343267642,0.00,0.00,0.00,0.00,DB_ONLY
581081854551033531,0.00,0.00,0.00,0.00,DB_ONLY
581135696859203309,0.00,0.00,0.00,0.00,DB_ONLY
581246463314396442,0.00,0.00,0.00,0.00,DB_ONLY
581248790590096763,0.00,0.00,0.00,0.00,DB_ONLY
581323684697507001,0.00,0.00,0.00,0.00,DB_ONLY
581327537206756683,0.00,0.00,0.00,0.00,DB_ONLY
581328675852879713,0.00,0.00,0.00,0.00,DB_ONLY
581055917314311512,0.00,0.00,0.00,0.00,DB_ONLY
581155067655062979,0.00,0.00,0.00,0.00,DB_ONLY
581195699170412052,0.00,0.00,0.00,0.00,DB_ONLY
581202120887010405,0.00,0.00,0.00,0.00,DB_ONLY
581290117644715362,0.00,0.00,0.00,0.00,DB_ONLY
581290793663956428,0.00,0.00,0.00,0.00,DB_ONLY
581331327045961261,0.00,0.00,0.00,0.00,DB_ONLY
581362163841598544,0.00,0.00,0.00,0.00,DB_ONLY
581089684154451938,0.00,0.00,0.00,0.00,DB_ONLY
581138455484007938,0.00,0.00,0.00,0.00,DB_ONLY
581189685913094097,0.00,0.00,0.00,0.00,DB_ONLY
581263641510642847,0.00,0.00,0.00,0.00,DB_ONLY
581356524533483115,0.00,0.00,0.00,0.00,DB_ONLY
581402270190044162,0.00,0.00,0.00,0.00,DB_ONLY
581408801274692713,0.00,0.00,0.00,0.00,DB_ONLY
581000595169838946,0.00,0.00,0.00,0.00,DB_ONLY
581101959766378337,0.00,0.00,0.00,0.00,DB_ONLY
581222758854788644,0.00,0.00,0.00,0.00,DB_ONLY
581259937928611049,0.00,0.00,0.00,0.00,DB_ONLY
580996784118531988,0.00,0.00,0.00,0.00,DB_ONLY
581086219745003042,0.00,0.00,0.00,0.00,DB_ONLY
581196440288527691,0.00,0.00,0.00,0.00,DB_ONLY
581227578428589921,0.00,0.00,0.00,0.00,DB_ONLY
581355163144324828,0.00,0.00,0.00,0.00,DB_ONLY
581416443599750689,0.00,0.00,0.00,0.00,DB_ONLY
581000677374723702,0.00,0.00,0.00,0.00,DB_ONLY
581431325374645714,0.00,0.00,0.00,0.00,DB_ONLY
581029801074329093,0.00,0.00,0.00,0.00,DB_ONLY
581058550308963593,0.00,0.00,0.00,0.00,DB_ONLY
581072216053352142,0.00,0.00,0.00,0.00,DB_ONLY
581092101559518586,0.00,0.00,0.00,0.00,DB_ONLY
581317463996532228,0.00,0.00,0.00,0.00,DB_ONLY
581050449925867153,0.00,0.00,0.00,0.00,DB_ONLY
581063053024331432,0.00,0.00,0.00,0.00,DB_ONLY
581141258366649825,0.00,0.00,0.00,0.00,DB_ONLY
581182065060841053,0.00,0.00,0.00,0.00,DB_ONLY
581328436761298726,0.00,0.00,0.00,0.00,DB_ONLY
581342589486007915,0.00,0.00,0.00,0.00,DB_ONLY
581428481015514330,0.00,0.00,0.00,0.00,DB_ONLY
581009599654365159,0.00,0.00,0.00,0.00,DB_ONLY
581060018356257889,0.00,0.00,0.00,0.00,DB_ONLY
581130878441653867,0.00,0.00,0.00,0.00,DB_ONLY
581220653869860032,0.00,0.00,0.00,0.00,DB_ONLY
581380026680248013,0.00,0.00,0.00,0.00,DB_ONLY
581002574475724104,0.00,0.00,0.00,0.00,DB_ONLY
581431617403323687,0.00,0.00,0.00,0.00,DB_ONLY
581045626176898399,0.00,0.00,0.00,0.00,DB_ONLY
581175758243465211,0.00,0.00,0.00,0.00,DB_ONLY
581257072413541751,0.00,0.00,0.00,0.00,DB_ONLY
581127053996623008,0.00,0.00,0.00,0.00,DB_ONLY
581166019500672010,0.00,0.00,0.00,0.00,DB_ONLY
581238639434171405,0.00,0.00,0.00,0.00,DB_ONLY
581291104719570675,0.00,0.00,0.00,0.00,DB_ONLY
581334692893067094,0.00,0.00,0.00,0.00,DB_ONLY
581336646176834939,0.00,0.00,0.00,0.00,DB_ONLY
581429097091270590,0.00,0.00,0.00,0.00,DB_ONLY
581076223795889785,0.00,0.00,0.00,0.00,DB_ONLY
581115379327075948,0.00,0.00,0.00,0.00,DB_ONLY
581115364818978786,0.00,0.00,0.00,0.00,DB_ONLY
581132156308981549,0.00,0.00,0.00,0.00,DB_ONLY
581156429967361181,0.00,0.00,0.00,0.00,DB_ONLY
581183103963923740,0.00,0.00,0.00,0.00,DB_ONLY
581197774340391959,0.00,0.00,0.00,0.00,DB_ONLY
581246163472516352,0.00,0.00,0.00,0.00,DB_ONLY
581016843535157243,0.00,0.00,0.00,0.00,DB_ONLY
581056820147815877,0.00,0.00,0.00,0.00,DB_ONLY
581210821432935457,0.00,0.00,0.00,0.00,DB_ONLY
581281620917388713,0.00,0.00,0.00,0.00,DB_ONLY
581317811137119871,0.00,0.00,0.00,0.00,DB_ONLY
581327878408733822,0.00,0.00,0.00,0.00,DB_ONLY
581366207094818425,0.00,0.00,0.00,0.00,DB_ONLY
581385047372366910,0.00,0.00,0.00,0.00,DB_ONLY
581034127187347065,0.00,0.00,0.00,0.00,DB_ONLY
581425618582013568,0.00,0.00,0.00,0.00,DB_ONLY
581130830315947226,0.00,0.00,0.00,0.00,DB_ONLY
581241822132864579,0.00,0.00,0.00,0.00,DB_ONLY
581249810199709296,0.00,0.00,0.00,0.00,DB_ONLY
581299450589971507,0.00,0.00,0.00,0.00,DB_ONLY
581324556496832443,0.00,0.00,0.00,0.00,DB_ONLY
581418893008602407,0.00,0.00,0.00,0.00,DB_ONLY
581069092091233959,0.00,0.00,0.00,0.00,DB_ONLY
581160982066726810,0.00,0.00,0.00,0.00,DB_ONLY
581322870888891724,0.00,0.00,0.00,0.00,DB_ONLY
581348797105014566,0.00,0.00,0.00,0.00,DB_ONLY
581362605716243863,0.00,0.00,0.00,0.00,DB_ONLY
581014060281726014,0.00,0.00,0.00,0.00,DB_ONLY
581101139982386444,0.00,0.00,0.00,0.00,DB_ONLY
581134126182860321,0.00,0.00,0.00,0.00,DB_ONLY
581145947083277931,0.00,0.00,0.00,0.00,DB_ONLY
581277729248937574,0.00,0.00,0.00,0.00,DB_ONLY
581306340919051899,0.00,0.00,0.00,0.00,DB_ONLY
581083531773380390,0.00,0.00,0.00,0.00,DB_ONLY
581127921811162638,0.00,0.00,0.00,0.00,DB_ONLY
581206596761650432,0.00,0.00,0.00,0.00,DB_ONLY
581211327381996914,0.00,0.00,0.00,0.00,DB_ONLY
581278016591857569,0.00,0.00,0.00,0.00,DB_ONLY
581293446092326881,0.00,0.00,0.00,0.00,DB_ONLY
581332739722675564,0.00,0.00,0.00,0.00,DB_ONLY
581336797565125743,0.00,0.00,0.00,0.00,DB_ONLY
581021718641280871,0.00,0.00,0.00,0.00,DB_ONLY
581104842089465379,0.00,0.00,0.00,0.00,DB_ONLY
581203195357594909,0.00,0.00,0.00,0.00,DB_ONLY
581203667311232768,0.00,0.00,0.00,0.00,DB_ONLY
581220182910076137,0.00,0.00,0.00,0.00,DB_ONLY
581256108011653078,0.00,0.00,0.00,0.00,DB_ONLY
581258383677359243,0.00,0.00,0.00,0.00,DB_ONLY
581275429802444326,0.00,0.00,0.00,0.00,DB_ONLY
581050632920270806,0.00,0.00,0.00,0.00,DB_ONLY
581104872612791508,0.00,0.00,0.00,0.00,DB_ONLY
581302575669479294,0.00,0.00,0.00,0.00,DB_ONLY
581370774070199723,0.00,0.00,0.00,0.00,DB_ONLY
581397633664976418,0.00,0.00,0.00,0.00,DB_ONLY
581401146501137780,0.00,0.00,0.00,0.00,DB_ONLY
581034221151946627,0.00,0.00,0.00,0.00,DB_ONLY
581113071150532203,0.00,0.00,0.00,0.00,DB_ONLY
581132524053824830,0.00,0.00,0.00,0.00,DB_ONLY
581175733886682250,0.00,0.00,0.00,0.00,DB_ONLY
581314510058849899,0.00,0.00,0.00,0.00,DB_ONLY
581328778131572331,0.00,0.00,0.00,0.00,DB_ONLY
