SKU,Nama Produk,Nama Variasi,Total Jumlah
BAAUT4009,Autan Spray Cair Anti Nyamuk Botol 100ml,,3
BAAUT0420,Autan Tube Lotion Anti Nyamuk 50ml,Sakura 50ml,1
BACOI6835,Baygon Obat Nyamuk Bakar Max Coil Isi 5 Pasang,Hijau,2
FFBSK5558,Frisian Flag Bendera Kental Manis Pouch,Coklat,87
BAKIW6135,KIWI Semir Sepatu Liquid Shine & Protect 30ml,Hitam,67
BAKIW6133,KIWI Semir Sepatu Liquid Shine & Protect 30ml,Netral,16
BAKIW5976,KIWI Semir Sepatu Liquid Shine & Protect 75ml,Coklat,2
BAKIW5973,KIWI Semir Sepatu Paste SP 17.5ml,Coklat,2
BAKIW6134,KIWI Semir Sepatu Paste SP 45ml - Perawatan Sepatu,Coklat,6
BAKIW5975,KIWI Semir Sepatu Paste SP 45ml - Perawatan Sepatu,Hitam,112
BAKIW5971,KIWI Semir Sepatu Paste SP 45ml - Perawatan Sepatu,Netral,5
,KIWI Semir Sepatu Paste SP 75ml - Perawatan Sepatu,Hitam,3
UN2814232,MamyPoko Pants Xtra Kering Celana Popok Bayi Renceng isi 10 S/M/L/XL,S1,2
UNRIN4118,Rinso Molto 500 Anti Noda Cair Isi 12 Sachet 18 ML,Rose Fresh,5
UNRIN6918,Rinso Molto 5000 Detergen Bubuk Kemasan 195gr - Pembersih Pakaian,Rose Fresh,2
UNLIF8350,Sabun Mandi LIFEBUOY Antibacterial Body Wash 100 ML,Cool Fresh,1
